[
    {
        "codigo": "1",
        "cpfCnpj": "123.456.789-00",
        "nome": "Jo\u00e3o da Silva",
        "sexo": "Masculino",
        "email": "joaosilva@email.com",
        "telefone1": "(11) 99999-1234",
        "telefone2": "(11) 98888-5678",
        "data": "1985-03-22",
        "observacoes": "Gosta do casadinho em peda\u00e7os"
    },
    {
        "codigo": "2",
        "cpfCnpj": "987.654.321-00",
        "nome": "Maria de F\u00e1tima Oliveira",
        "sexo": "Feminino",
        "email": "mariaoliveira@email.com",
        "telefone1": "(21) 91234-5678",
        "telefone2": "(21) 97654-3210",
        "data": "1992-07-14",
        "observacoes": "Prefere doce de leite cremoso"
    },
    {
        "codigo": "3",
        "cpfCnpj": "345.678.901-11",
        "nome": "Carlos Henrique Pereira dos Santos",
        "sexo": "Masculino",
        "email": "carlospereira@email.com",
        "telefone1": "(31) 99876-5432",
        "telefone2": "",
        "data": "1980-12-05",
        "observacoes": "Aprecia doce de leite com coco"
    },
    {
        "codigo": "4",
        "cpfCnpj": "123.456.789-01",
        "nome": "Sherlock Holmes",
        "sexo": "Masculino",
        "email": "sherlock@bakerstreet.com",
        "telefone1": "(44) 70000-1234",
        "telefone2": "",
        "data": "1854-01-06",
        "observacoes": "Prefere doces mais cl\u00e1ssicos e menos a\u00e7ucarados."
    },
    {
        "codigo": "5",
        "cpfCnpj": "567.890.123-45",
        "nome": "Tony Stark",
        "sexo": "Masculino",
        "email": "tony.stark@starkindustries.com",
        "telefone1": "(11) 93456-7890",
        "telefone2": "",
        "data": "1970-05-29",
        "observacoes": "Adora doces com inova\u00e7\u00e3o, como combina\u00e7\u00f5es inusitadas."
    },
    {
        "codigo": "6",
        "cpfCnpj": "12.345.678\/0001-90",
        "nome": "Nestl\u00e9 do Brasil",
        "sexo": "",
        "email": "atendimento@nestle.com.br",
        "telefone1": "(11) 4004-5400",
        "telefone2": "",
        "data": "",
        "observacoes": "Distribuidora de doces de leite em larga escala"
    },
    {
        "codigo": "7",
        "cpfCnpj": "98.765.432\/0001-12",
        "nome": "Lacta Brasil LTDA",
        "sexo": "",
        "email": "sac@lacta.com",
        "telefone1": "(21) 4003-6000",
        "telefone2": "",
        "data": "",
        "observacoes": "Especialista em doces de leite com chocolate"
    },
    {
        "codigo": "8",
        "cpfCnpj": "234.567.890-99",
        "nome": "Walter White",
        "sexo": "Masculino",
        "email": "walter.white@bluechem.com",
        "telefone1": "(35) 98888-9999",
        "telefone2": "",
        "data": "1959-09-07",
        "observacoes": "Aprecia doces de alta qualidade e refinamento t\u00e9cnico."
    },
    {
        "codigo": "9",
        "cpfCnpj": "987.654.321-44",
        "nome": "Arya Stark",
        "sexo": "Feminino",
        "email": "arya@winterfell.com",
        "telefone1": "(71) 98888-1122",
        "telefone2": "",
        "data": "2003-04-14",
        "observacoes": "Prefere por\u00e7\u00f5es pequenas e doces pr\u00e1ticos para carregar."
    },
    {
        "codigo": "10",
        "cpfCnpj": "123.456.789-55",
        "nome": "Harry Potter",
        "sexo": "Masculino",
        "email": "harry.potter@hogwarts.com",
        "telefone1": "(44) 98888-2222",
        "telefone2": "",
        "data": "1980-07-31",
        "observacoes": "F\u00e3 de doces recheados com sabores m\u00e1gicos e diferenciados."
    },
    {
        "codigo": "11",
        "cpfCnpj": "111.111.111-11",
        "nome": "Mario Bros",
        "sexo": "Masculino",
        "email": "mario@nintendo.com",
        "telefone1": "(19) 98888-3333",
        "telefone2": "",
        "data": "1981-09-13",
        "observacoes": "Adora doces simples e energ\u00e9ticos, perfeitos para aventuras."
    },
    {
        "codigo": "12",
        "cpfCnpj": "333.444.555-66",
        "nome": "Lara Croft",
        "sexo": "Feminino",
        "email": "lara.croft@adventure.com",
        "telefone1": "(31) 99888-4444",
        "telefone2": "",
        "data": "1976-02-14",
        "observacoes": "Aprecia doces ricos em calorias para suportar longas jornadas."
    },
    {
        "codigo": "13",
        "cpfCnpj": "555.666.777-88",
        "nome": "Elliot Alderson",
        "sexo": "Masculino",
        "email": "elliot@mrrobot.com",
        "telefone1": "(11) 91234-5678",
        "telefone2": "",
        "data": "1986-09-17",
        "observacoes": "Prefere doces minimalistas, de embalagens pr\u00e1ticas e discretas."
    },
    {
        "codigo": "14",
        "cpfCnpj": "222.333.444-55",
        "nome": "Frodo Baggins",
        "sexo": "Masculino",
        "email": "frodo@middleearth.com",
        "telefone1": "(42) 98888-5555",
        "telefone2": "",
        "data": "1988-10-03",
        "observacoes": "F\u00e3 de doces r\u00fasticos, que lembram a culin\u00e1ria do Condado."
    },
    {
        "codigo": "15",
        "cpfCnpj": "123.456.789-77",
        "nome": "Leia Organa",
        "sexo": "Feminino",
        "email": "leia@rebelalliance.com",
        "telefone1": "(21) 90000-6789",
        "telefone2": "",
        "data": "1959-10-21",
        "observacoes": "Prefere doces leves e nutritivos para miss\u00f5es longas."
    },
    {
        "codigo": "16",
        "cpfCnpj": "987.654.321-99",
        "nome": "Bruce Wayne",
        "sexo": "Masculino",
        "email": "bruce.wayne@wayneindustries.com",
        "telefone1": "(11) 90000-1234",
        "telefone2": "",
        "data": "1939-05-27",
        "observacoes": "Prefere doces sofisticados, com combina\u00e7\u00f5es inusitadas."
    },
    {
        "codigo": "17",
        "cpfCnpj": "333.222.111-55",
        "nome": "Clark Kent",
        "sexo": "Masculino",
        "email": "clark.kent@dailyplanet.com",
        "telefone1": "(21) 91234-5678",
        "telefone2": "",
        "data": "1938-06-18",
        "observacoes": "Aprecia doces tradicionais com textura cremosa."
    },
    {
        "codigo": "18",
        "cpfCnpj": "444.333.222-66",
        "nome": "Natasha Romanoff",
        "sexo": "Feminino",
        "email": "natasha@shield.com",
        "telefone1": "(31) 90000-8888",
        "telefone2": "",
        "data": "1984-11-22",
        "observacoes": "Prefere doces compactos e discretos, ideais para levar em miss\u00f5es."
    },
    {
        "codigo": "19",
        "cpfCnpj": "555.666.777-99",
        "nome": "Jon Snow",
        "sexo": "Masculino",
        "email": "jon.snow@thewall.com",
        "telefone1": "(71) 98888-9999",
        "telefone2": "",
        "data": "1991-12-03",
        "observacoes": "Aprecia doces robustos e com sabor intenso, como o doce de leite com caf\u00e9."
    },
    {
        "codigo": "20",
        "cpfCnpj": "222.111.444-33",
        "nome": "Katniss Everdeen",
        "sexo": "Feminino",
        "email": "katniss@district12.com",
        "telefone1": "(61) 91111-2222",
        "telefone2": "",
        "data": "1995-05-08",
        "observacoes": "Prefere doces energ\u00e9ticos e pr\u00e1ticos para levar em viagens."
    },
    {
        "codigo": "21",
        "cpfCnpj": "888.777.666-55",
        "nome": "Diana Prince",
        "sexo": "Feminino",
        "email": "diana.prince@themyscira.com",
        "telefone1": "(41) 90000-1234",
        "telefone2": "",
        "data": "1941-03-22",
        "observacoes": "F\u00e3 de doces refinados com ingredientes naturais."
    },
    {
        "codigo": "22",
        "cpfCnpj": "123.789.456-22",
        "nome": "Steve Rogers",
        "sexo": "Masculino",
        "email": "steve.rogers@avengers.com",
        "telefone1": "(51) 98765-4321",
        "telefone2": "",
        "data": "1920-07-04",
        "observacoes": "Prefere doces cl\u00e1ssicos, como doce de leite em barra."
    },
    {
        "codigo": "23",
        "cpfCnpj": "234.567.890-88",
        "nome": "Michael Scott",
        "sexo": "Masculino",
        "email": "michael.scott@dundermifflin.com",
        "telefone1": "(35) 91234-5678",
        "telefone2": "",
        "data": "1964-03-15",
        "observacoes": "Gosta de doces diferentes para surpreender seus colegas de trabalho."
    },
    {
        "codigo": "24",
        "cpfCnpj": "654.321.987-00",
        "nome": "Dwight Schrute",
        "sexo": "Masculino",
        "email": "dwight@schrutefarms.com",
        "telefone1": "(31) 99888-1122",
        "telefone2": "",
        "data": "1966-01-20",
        "observacoes": "Prefere doces simples, mas com ingredientes de alta qualidade."
    },
    {
        "codigo": "25",
        "cpfCnpj": "321.654.987-11",
        "nome": "Rachel Green",
        "sexo": "Feminino",
        "email": "rachel.green@friends.com",
        "telefone1": "(19) 91234-5678",
        "telefone2": "",
        "data": "1970-05-05",
        "observacoes": "Aprecia doces delicados e sofisticados, como doce de leite com lavanda."
    },
    {
        "codigo": "26",
        "cpfCnpj": "111.444.777-22",
        "nome": "Monica Geller",
        "sexo": "Feminino",
        "email": "monica.geller@friends.com",
        "telefone1": "(21) 98888-9999",
        "telefone2": "",
        "data": "1969-04-22",
        "observacoes": "F\u00e3 de doces artesanais e bem decorados."
    },
    {
        "codigo": "27",
        "cpfCnpj": "222.333.444-88",
        "nome": "Joey Tribbiani",
        "sexo": "Masculino",
        "email": "joey.tribbiani@friends.com",
        "telefone1": "(71) 91111-0000",
        "telefone2": "",
        "data": "1968-01-09",
        "observacoes": "Prefere doces com grandes por\u00e7\u00f5es e recheios abundantes."
    },
    {
        "codigo": "28",
        "cpfCnpj": "333.222.111-00",
        "nome": "Phoebe Buffay",
        "sexo": "Feminino",
        "email": "phoebe.buffay@friends.com",
        "telefone1": "(61) 94444-5555",
        "telefone2": "",
        "data": "1967-02-16",
        "observacoes": "Gosta de doces com sabores incomuns e toques criativos."
    },
    {
        "codigo": "29",
        "cpfCnpj": "444.555.666-77",
        "nome": "Ross Geller",
        "sexo": "Masculino",
        "email": "ross.geller@friends.com",
        "telefone1": "(41) 98888-2233",
        "telefone2": "",
        "data": "1967-10-18",
        "observacoes": "Aprecia doces tradicionais, mas com ingredientes frescos."
    },
    {
        "codigo": "30",
        "cpfCnpj": "999.888.777-66",
        "nome": "Chandler Bing",
        "sexo": "Masculino",
        "email": "chandler.bing@friends.com",
        "telefone1": "(51) 90000-1122",
        "telefone2": "",
        "data": "1968-04-08",
        "observacoes": "Prefere doces com sabores equilibrados e embalagem pr\u00e1tica."
    },
    {
        "codigo": "31",
        "cpfCnpj": "123.456.789-01",
        "nome": "Ana Clara Souza Barbosa",
        "sexo": "Feminino",
        "email": "anasouza@email.com",
        "telefone1": "(41) 91234-9876",
        "telefone2": "",
        "data": "1998-04-18",
        "observacoes": "Adora doce de leite com chocolate"
    },
    {
        "codigo": "32",
        "cpfCnpj": "567.890.123-45",
        "nome": "Fernanda Costa Menezes",
        "sexo": "Feminino",
        "email": "fernandacosta@email.com",
        "telefone1": "(51) 98765-4321",
        "telefone2": "",
        "data": "1990-09-30",
        "observacoes": "Prefere doce de leite artesanal"
    },
    {
        "codigo": "33",
        "cpfCnpj": "234.567.890-11",
        "nome": "Bruno Almeida Rocha",
        "sexo": "Masculino",
        "email": "brunoalmeida@email.com",
        "telefone1": "(61) 91827-3645",
        "telefone2": "",
        "data": "1987-01-15",
        "observacoes": "Gosta de doce de leite com amendoim"
    },
    {
        "codigo": "34",
        "cpfCnpj": "789.123.456-22",
        "nome": "Patr\u00edcia Maria Santos Silva",
        "sexo": "Feminino",
        "email": "patriciasantos@email.com",
        "telefone1": "(71) 90000-1122",
        "telefone2": "",
        "data": "1995-06-24",
        "observacoes": "Adora doce de leite recheado"
    },
    {
        "codigo": "35",
        "cpfCnpj": "33.123.456\/0001-99",
        "nome": "Ambev S\/A",
        "sexo": "",
        "email": "sac@ambev.com.br",
        "telefone1": "(11) 2345-6789",
        "telefone2": "",
        "data": "",
        "observacoes": "Produto de alta qualidade e exporta\u00e7\u00e3o"
    },
    {
        "codigo": "36",
        "cpfCnpj": "123.987.654-00",
        "nome": "Pel\u00e9",
        "sexo": "Masculino",
        "email": "pele@futebol.com",
        "telefone1": "(13) 90000-1234",
        "telefone2": "",
        "data": "1940-10-23",
        "observacoes": "Prefere doce de leite tradicional"
    },
    {
        "codigo": "37",
        "cpfCnpj": "987.654.321-01",
        "nome": "Ayrton Senna",
        "sexo": "Masculino",
        "email": "senna@f1.com",
        "telefone1": "(11) 99999-1111",
        "telefone2": "",
        "data": "1960-03-21",
        "observacoes": "Adorava doces de leite diet"
    },
    {
        "codigo": "38",
        "cpfCnpj": "55.987.654\/0001-32",
        "nome": "Empresa Doce Brasil",
        "sexo": "",
        "email": "contato@docebrasil.com",
        "telefone1": "(31) 91234-0000",
        "telefone2": "",
        "data": "",
        "observacoes": "Fabricante de doces exclusivos"
    },
    {
        "codigo": "39",
        "cpfCnpj": "666.555.444-33",
        "nome": "Ivete Sangalo",
        "sexo": "Feminino",
        "email": "ivete@sangalo.com",
        "telefone1": "(71) 99988-7766",
        "telefone2": "",
        "data": "1972-05-27",
        "observacoes": "Ama doce de leite com baunilha"
    },
    {
        "codigo": "40",
        "cpfCnpj": "66.777.888\/0001-22",
        "nome": "Vigor Alimentos",
        "sexo": "",
        "email": "contato@vigor.com",
        "telefone1": "(11) 5000-4000",
        "telefone2": "",
        "data": "",
        "observacoes": "Distribui doces de leite no mercado nacional"
    },
    {
        "codigo": "41",
        "cpfCnpj": "888.999.123-77",
        "nome": "Gisele B\u00fcndchen",
        "sexo": "Feminino",
        "email": "gisele@fashion.com",
        "telefone1": "(41) 98765-1122",
        "telefone2": "",
        "data": "1980-07-20",
        "observacoes": "Gosta de doce de leite sem a\u00e7\u00facar"
    },
    {
        "codigo": "42",
        "cpfCnpj": "567.890.456-22",
        "nome": "Daenerys Targaryen",
        "sexo": "Feminino",
        "email": "khaleesi@dragonstone.com",
        "telefone1": "(71) 99888-7777",
        "telefone2": "",
        "data": "1990-07-12",
        "observacoes": "Gosta de doces com ingredientes ex\u00f3ticos e forte presen\u00e7a de especiarias."
    },
    {
        "codigo": "43",
        "cpfCnpj": "234.567.890-77",
        "nome": "Beatriz Ramos",
        "sexo": "Feminino",
        "email": "beatrizramos@email.com",
        "telefone1": "(41) 98765-4321",
        "telefone2": "",
        "data": "1993-12-10",
        "observacoes": "Adora doce de leite com frutas"
    }
]