[
    {
        "codigo": "1",
        "nome": "Embalagens do Silva",
        "cpfCnpj": "12.345.545\/0001-23",
        "telefone": "(62) 99887-7766",
        "email": "embalagens@dosilva.com",
        "endereco": "Rua da Frente, 123",
        "itemFornecido": "Embalagens de vidro e sacos pl\u00e1sticos",
        "observacoes": "Entrega \u00e0 tarde, no mesmo dia"
    },
    {
        "codigo": "2",
        "nome": "Vidroflex Embalagens",
        "cpfCnpj": "23.456.789\/0001-45",
        "telefone": "(11) 91234-5678",
        "email": "contato@vidroflex.com.br",
        "endereco": "Av. Paulista, 900",
        "itemFornecido": "Potinhos de vidro com tampas",
        "observacoes": "Pedido m\u00ednimo de 500 unidades"
    },
    {
        "codigo": "3",
        "nome": "Pl\u00e1sticos SA",
        "cpfCnpj": "98.765.432\/0001-98",
        "telefone": "(21) 98765-4321",
        "email": "vendas@plasticossa.com",
        "endereco": "Rua das Ind\u00fastrias, 150",
        "itemFornecido": "Sacos pl\u00e1sticos aliment\u00edcios",
        "observacoes": "Entrega em at\u00e9 5 dias \u00fateis"
    },
    {
        "codigo": "4",
        "nome": "Casa da Embalagem",
        "cpfCnpj": "11.111.111\/0001-11",
        "telefone": "(31) 98888-9999",
        "email": "sac@casadaembalagem.com",
        "endereco": "Rua Embalagens, 567",
        "itemFornecido": "Etiquetas personalizadas e caixas de papel\u00e3o",
        "observacoes": "Atendimento apenas em hor\u00e1rio comercial"
    },
    {
        "codigo": "5",
        "nome": "Tetra Pak",
        "cpfCnpj": "02.123.456\/0001-34",
        "telefone": "(19) 3825-1234",
        "email": "info@tetrapak.com",
        "endereco": "Rua dos Suprimentos, 89",
        "itemFornecido": "Cartuchos e embalagens longa vida",
        "observacoes": "Desconto para pedidos acima de 1000 unidades"
    },
    {
        "codigo": "6",
        "nome": "Embrapack Embalagens",
        "cpfCnpj": "54.321.987\/0001-65",
        "telefone": "(48) 99876-5432",
        "email": "comercial@embrapack.com.br",
        "endereco": "Av. Central, 999",
        "itemFornecido": "Tampas de pl\u00e1stico e potes descart\u00e1veis",
        "observacoes": "Frete gr\u00e1tis para compras acima de R$500,00"
    },
    {
        "codigo": "7",
        "nome": "Sulpack",
        "cpfCnpj": "78.912.345\/0001-56",
        "telefone": "(51) 91234-5678",
        "email": "vendas@sulpack.com.br",
        "endereco": "Rua dos Fornecedores, 300",
        "itemFornecido": "Caixas de papel\u00e3o personalizadas",
        "observacoes": "Prazo de entrega de 7 dias \u00fateis"
    },
    {
        "codigo": "8",
        "nome": "Plastibras",
        "cpfCnpj": "34.567.890\/0001-67",
        "telefone": "(67) 99887-6655",
        "email": "sac@plastibras.com",
        "endereco": "Rua do Com\u00e9rcio, 101",
        "itemFornecido": "Filmes pl\u00e1sticos e lacres",
        "observacoes": "Entrega expressa dispon\u00edvel"
    },
    {
        "codigo": "9",
        "nome": "Glasspack",
        "cpfCnpj": "45.678.901\/0001-78",
        "telefone": "(15) 99987-7766",
        "email": "atendimento@glasspack.com.br",
        "endereco": "Av. Vidra\u00e7aria, 45",
        "itemFornecido": "Potes de vidro com design especial",
        "observacoes": "Descontos para pagamentos \u00e0 vista"
    },
    {
        "codigo": "10",
        "nome": "Crown Embalagens",
        "cpfCnpj": "66.777.888\/0001-23",
        "telefone": "(11) 91234-0987",
        "email": "contato@crown.com.br",
        "endereco": "Rua Industrial, 700",
        "itemFornecido": "Tampas met\u00e1licas e embalagens de alum\u00ednio",
        "observacoes": "Prazo de entrega de 10 dias \u00fateis"
    },
    {
        "codigo": "11",
        "nome": "Polyserve",
        "cpfCnpj": "09.123.654\/0001-90",
        "telefone": "(84) 98765-1234",
        "email": "info@polyserve.com",
        "endereco": "Rua Principal, 88",
        "itemFornecido": "Filmes para embalagem a v\u00e1cuo",
        "observacoes": "Pedidos sob encomenda"
    },
    {
        "codigo": "12",
        "nome": "Embalatec",
        "cpfCnpj": "32.456.789\/0001-12",
        "telefone": "(83) 99876-4321",
        "email": "suporte@embalatec.com",
        "endereco": "Estrada da Produ\u00e7\u00e3o, 222",
        "itemFornecido": "Caixas e etiquetas personalizadas",
        "observacoes": "Atendimento 24h para emerg\u00eancias"
    },
    {
        "codigo": "13",
        "nome": "Plastisul",
        "cpfCnpj": "47.890.123\/0001-34",
        "telefone": "(42) 98888-7777",
        "email": "vendas@plastisul.com.br",
        "endereco": "Rua Sulista, 66",
        "itemFornecido": "Sacos pl\u00e1sticos de alta resist\u00eancia",
        "observacoes": "Frete sob consulta"
    },
    {
        "codigo": "14",
        "nome": "JBS Embalagens",
        "cpfCnpj": "53.678.901\/0001-45",
        "telefone": "(31) 92345-6789",
        "email": "contato@jbs.com",
        "endereco": "Rodovia dos Alimentos, Km 45",
        "itemFornecido": "Embalagens para produtos aliment\u00edcios",
        "observacoes": "Parceria com grandes empresas"
    },
    {
        "codigo": "15",
        "nome": "Masterpack",
        "cpfCnpj": "77.654.321\/0001-89",
        "telefone": "(61) 99887-5544",
        "email": "master@pack.com.br",
        "endereco": "Av. Brasil, 3030",
        "itemFornecido": "Embalagens personalizadas de alta qualidade",
        "observacoes": "Entrega r\u00e1pida para todo o Brasil"
    }
]